hashtag_name,id
#,17841539176084135
cat,17841562906103814
e,17841563416103285
ecommerce,17843796520062161
ecommerceentrepreneur,17841595318079948
ecommerceexpert,17841528094102538
ecommercestartup,17842116532067602
etsy,17841562822127020
etsyart,17843577604056603
etsyartist,17843604481038826
etsyau,17841593860079749
etsybaby,17843404111060810
etsyelite,17843729419033619
etsyfashion,17841540790107992
etsyfavorites,17842338922022962
etsyfind,17843815342023500
etsyfinds,17841505909088962
etsygifts,17841541792117134
etsyhandmade,17841511885126143
etsyhunter,17843555476008643
etsylove,17841562936095059
etsymaker,17841542461101345
etsysale,17841545365109299
etsyseller,17842299775015664
etsysellerofinstagram,17843465260012723
etsysellers,17843738167053129
etsysellersofinstagram,17841547600094810
etsyshop,17843729596029790
etsyshopowner,17843717158038393
etsystore,17843830171043568
etsysuccess,17841563167125993
etsyuk,17841546043129535
etsyusa,17841545197092126
etsyvintage,17841561256084611
etsywedding,17841534658095658
f,17843679658021610
fitness,17842292986066034
fitnessaddict,17843710354061170
fitnessblogger,17841554542106664
fitnessbody,17843613400036756
fitnesscoach,17842480966035979
fitnessfood,17843707735028263
fitnessfreak,17841561415111681
fitnessgear,17843609257035836
fitnessgirl,17843793787002070
fitnessgirls,17843638786052197
fitnessgoals,17843780332049504
fitnessinspiration,17841511594109021
fitnessjourney,17841563953128627
fitnesslife,17843732788017854
fitnesslifestyle,17841536167083202
fitnesslover,17841534469121129
fitnessmodel,17841563575094701
fitnessmodels,17841562090107730
fitnessmom,17841540961084282
fitnessmotivation,17843691415043401
fitnessphysique,17842276921055534
fitnesstrainer,17842233721021565
fitnesswomen,17842213168065498
i,17841563287127726
onlineshopping,17841562813121902
onlinebusiness,17841525250101394
fashionable,17843860726042365
newcollection,17843746078042140
newcollections,17843643613024729
memswear,17841511762110095
mensfashion,17843829844009940
outfitoftheday,17841562543103497
weekendoutfit,17843763919017415
ootd,17841563308101050
photoshoot,17843841955017023
style,17843783791026754
cargopants,17843742622062915
retail,17841563167092785
fashionphotoshoot,17843694466027558
feedtrending,17858593858156242
contentmarketing,17842193929069363
onlinebusiness,17841546151092060
instagramstrategies,17841564484129441
socialmediamarketingtips,17841547447125412
classystreetwear,17841544438124932
streetwearaddicted,17842189924009936
graphictees,17843780158038131
mockupcheque,17842261936066563
mockupdesign,17841514591102117
clothingbrand,17841561415081233
newclothing,17841536344095040
streetwearbrand,17843634157052916
fasionstreetwear,17841525877115898
clothingbrandowner,17841563506076615
clothingdrop,17843547550010895
clothingbrandfit,18291330181122618
viralclothingbrand,17842221055044635
brandowner,17841522772129404
denimjacket,17841563704126449
athleisure,17842555510061799
techwear,17843648263028929
techwearfits,17902289317075557
bohodress,17841540655089343
denimjeans,17841562672115250
denimondenim,17841560761118383
denimlovers,17842096126069774
denimlook,17841522745105891
denimshorts,17843673097046308
backpack,17843950606043922
backpackmurah,17841535444090749
backpacks,17842268908068769
jualsneakers,17842150477065325
sneakersforsale,17841536911121251
customsneakers,17843813995008633
sneakersoriginal,17841548818085306
buckethat,17843768080022720
buckethats,17842065541067763
wristwatchlovers,17843668903051279
wristwatch,17843752840038752
wristwatches,17841563446097536
wristwatchcheck,17841509224114092

